file,bytes
kv_snapshot_1782280932028_sys.nls,989448
kv_snapshot_1782280937313.nls,1712296
kv_snapshot_1782280942984.nls,1824288
kv_snapshot_1782280949880.nls,1948302
kv_snapshot_1782280966700.nls,3364141
kv_snapshot_1782280984320.nls,3440839
kv_snapshot_1782281007934.nls,3430819
kv_snapshot_1782281025053.nls,3770442
kv_snapshot_1782281032067.nls,2237902
kv_snapshot_1782281041799.nls,1957392
kv_snapshot_1782281059693.nls,4152371
kv_snapshot_1782281078062.nls,4216735
kv_snapshot_1782281095411.nls,4213496
kv_snapshot_1782281113136.nls,4644721
kv_snapshot_1782281130445.nls,4773577
kv_snapshot_1782281146933.nls,4748694
kv_snapshot_1782281165569.nls,4752270
kv_snapshot_1782281184367.nls,5101578
kv_snapshot_1782281201526.nls,5035559
kv_snapshot_1782281217591.nls,4996223
kv_snapshot_1782281235707.nls,5760803
kv_snapshot_1782281253620.nls,5754069
kv_snapshot_1782281269433.nls,5604971
kv_snapshot_1782281283564.nls,5283460
kv_snapshot_1782281333301.nls,6189119
kv_snapshot_1782281349954.nls,6183226
kv_snapshot_1782281365827.nls,5919259
kv_snapshot_1782281381648.nls,6499452
kv_snapshot_1782281399141.nls,6541425
kv_snapshot_1782281415389.nls,6484583
kv_snapshot_1782281432187.nls,6457995
kv_snapshot_1782281451256.nls,6882762
kv_snapshot_1782281473353.nls,6826877
kv_snapshot_1782281499582.nls,7340112
kv_snapshot_1782281526876.nls,7317387
kv_snapshot_1782281551599.nls,7548534
kv_snapshot_1782281581041.nls,7716649
kv_snapshot_1782281612330.nls,7930271
kv_snapshot_1782281641811.nls,8221975
kv_snapshot_1782281671429.nls,8079392
kv_snapshot_1782281702040.nls,8193540
kv_snapshot_1782281732702.nls,7953402
kv_snapshot_1782281766639.nls,8925056
kv_snapshot_1782281797845.nls,8408039
kv_snapshot_1782281967146.nls,8691018
kv_snapshot_1782282003206.nls,8890936
kv_snapshot_1782282040155.nls,9435583
kv_snapshot_1782282079618.nls,9010508
kv_snapshot_1782282121121.nls,9657965
kv_snapshot_1782282158802.nls,9765211
kv_snapshot_1782282200212.nls,10126386
kv_snapshot_1782282239139.nls,9582584
kv_snapshot_1782282283157.nls,9925395
kv_snapshot_1782282325889.nls,10524007
kv_snapshot_1782282365236.nls,10135779
kv_snapshot_1782282406113.nls,10002339
kv_snapshot_1782282451172.nls,10867567
kv_snapshot_1782282495105.nls,9300625
kv_snapshot_1782282530591.nls,9630354
kv_snapshot_1782282533024.nls,1585967
kv_snapshot_1782282596642.nls,11234181
kv_snapshot_1782282614513.nls,10726300
kv_snapshot_1782282617091.nls,1585967
kv_snapshot_1782282677124.nls,11639413
kv_snapshot_1782282694928.nls,11471335
kv_snapshot_1782282713315.nls,3515001
kv_snapshot_1782282731065.nls,1585967
kv_snapshot_1782282745483.nls,3242478
kv_snapshot_1782282760375.nls,3062796
kv_snapshot_1782282820756.nls,3510453
kv_snapshot_1782282838594.nls,3425360
kv_snapshot_1782282854220.nls,3445775
kv_snapshot_1782282872248.nls,3539130
kv_snapshot_1782282888087.nls,3252510
kv_snapshot_1782282906163.nls,3536942
kv_snapshot_1782282923305.nls,3289878
kv_snapshot_1782282939259.nls,3183617
kv_snapshot_1782282954927.nls,3233536
kv_snapshot_1782282970542.nls,3116878
kv_snapshot_1782282985473.nls,3323375
kv_snapshot_1782283001650.nls,3191723
kv_snapshot_1782283017349.nls,3355611
kv_snapshot_1782283035281.nls,3525731
kv_snapshot_1782283052221.nls,3291742
kv_snapshot_1782283066533.nls,3188299
kv_snapshot_1782283084008.nls,3539207
kv_snapshot_1782283099201.nls,3107553
kv_snapshot_1782283116967.nls,3564843
kv_snapshot_1782283133614.nls,3272136
kv_snapshot_1782283184590.nls,1700532
kv_snapshot_1782283188473.nls,2808292
kv_snapshot_1782283193888.nls,4190264
kv_snapshot_1782283200258.nls,3573377
kv_snapshot_1782283206439.nls,2638277
kv_snapshot_1782283212643.nls,3880223
kv_snapshot_1782283218174.nls,3395265
kv_snapshot_1782283223764.nls,3301544
kv_snapshot_1782283229922.nls,3536880
kv_snapshot_1782283233278.nls,3174038
kv_snapshot_1782283239400.nls,3735020
kv_snapshot_1782283245599.nls,3720729
kv_snapshot_1782283251814.nls,3505425
kv_snapshot_1782283258174.nls,3376178
kv_snapshot_1782283264325.nls,3453833
kv_snapshot_1782283335472.nls,1700534
kv_snapshot_1782283339033.nls,2808295
kv_snapshot_1782283344397.nls,4190268
kv_snapshot_1782283371115.nls,1700531
kv_snapshot_1782283375049.nls,2808291
kv_snapshot_1782283380389.nls,4190265
kv_snapshot_1782283421476.nls,1700532
kv_snapshot_1782283425037.nls,2808292
kv_snapshot_1782283430368.nls,4190265
kv_snapshot_1782283436145.nls,3451333
kv_snapshot_1782283441735.nls,2191742
kv_snapshot_1782283448016.nls,3633154
kv_snapshot_1782283454387.nls,3438214
kv_snapshot_1782283460595.nls,3477611
kv_snapshot_1782283466183.nls,2946651
kv_snapshot_1782283472397.nls,3919785
kv_snapshot_1782283477931.nls,3305238
kv_snapshot_1782283483921.nls,3008935
kv_snapshot_1782283490170.nls,3917011
kv_snapshot_1782283496499.nls,3411845
kv_snapshot_1782283502132.nls,3465786
kv_snapshot_1782283575971.nls,1700531
kv_snapshot_1782283579970.nls,2808292
kv_snapshot_1782283585363.nls,4190265
kv_snapshot_1782283591712.nls,3450980
kv_snapshot_1782283597327.nls,3578905
kv_snapshot_1782283603661.nls,3652092
kv_snapshot_1782283609162.nls,2508133
kv_snapshot_1782283615527.nls,3197419
kv_snapshot_1782283621725.nls,3405135
kv_snapshot_1782283627873.nls,2611456
kv_snapshot_1782283634034.nls,3486376
kv_snapshot_1782283640281.nls,3559088
kv_snapshot_1782283644160.nls,2701798
kv_snapshot_1782283650338.nls,3585419
kv_snapshot_1782283656752.nls,3643078
kv_snapshot_1782283724740_sys.nls,1088022
kv_snapshot_1782283724782.nls,1394553
kv_snapshot_1782283727960.nls,1357803
